Opentime,Open,High,Low,Close,Volume,Closetime,Quote asset volume,Number of trades,Taker by base,Taker buy quote,Ignore
2020-01-01 08:00:00,7195.24,7255.0,7175.15,7200.85,16792.388165,1577923199999,121214452.11606228,194010,8946.955535,64597785.21233434,0
2020-01-02 08:00:00,7200.77,7212.5,6924.74,6965.71,31951.483932,1578009599999,225982341.3011403,302667,15141.61134,107060829.07806464,0
2020-01-03 08:00:00,6965.49,7405.0,6871.04,7344.96,68428.500451,1578095999999,495098582.9620354,519854,35595.496273,257713113.8517286,0
2020-01-04 08:00:00,7345.0,7404.0,7272.21,7354.11,29987.974977,1578182399999,219874240.9399481,279370,16369.382248,120035111.72407165,0
2020-01-05 08:00:00,7354.19,7495.0,7318.0,7358.75,38331.085604,1578268799999,284848683.7891762,329209,19455.369564,144600094.38965073,0
2020-01-06 08:00:00,7357.64,7795.34,7346.76,7758.0,54635.695316,1578355199999,413330481.2260492,449937,28853.76777,218411610.65942463,0
2020-01-07 08:00:00,7758.9,8207.68,7723.71,8145.28,91171.684661,1578441599999,724202791.1429626,685315,46192.111549,366866967.6139318,0
2020-01-08 08:00:00,8145.92,8455.0,7870.0,8055.98,112622.64264,1578527999999,926410232.6045058,830375,55071.109514,453284250.4545396,0
2020-01-09 08:00:00,8054.72,8055.96,7750.0,7817.76,64239.51983,1578614399999,507258250.4748796,478800,31645.759221,249899679.33440104,0
2020-01-10 08:00:00,7817.74,8199.0,7672.0,8197.02,82406.777448,1578700799999,652774220.388437,606101,42361.755307,335845385.67483306,0
2020-01-11 08:00:00,8198.86,8286.34,8003.16,8020.01,54810.032667,1578787199999,445034349.56470203,469131,27916.124974,226716001.44288608,0
2020-01-12 08:00:00,8020.01,8197.0,7960.0,8184.98,38131.494336,1578873599999,309351920.45885,350662,19718.541096,159972663.9929187,0
2020-01-13 08:00:00,8184.97,8196.0,8055.89,8110.34,31159.755683,1578959999999,252656965.35815012,289144,15215.226501,123407351.91807935,0
2020-01-14 08:00:00,8110.34,8880.0,8105.54,8810.01,120399.126742,1579046399999,1032735180.8658738,915328,62492.096676,536081638.0541857,0
2020-01-15 08:00:00,8814.64,8916.48,8564.0,8821.41,84816.297606,1579132799999,743712237.2790816,764048,42493.551026,372770745.1792992,0
2020-01-16 08:00:00,8820.01,8859.81,8586.0,8720.01,51991.074284,1579219199999,451752380.2810811,543064,25996.30135,225914888.37777233,0
2020-01-17 08:00:00,8720.15,9041.65,8672.44,8913.28,70897.737377,1579305599999,629568740.707009,676403,36139.808845,320997160.95891666,0
2020-01-18 08:00:00,8913.27,8988.88,8806.38,8915.96,38294.746545,1579391999999,340852837.9160803,458182,19421.295313,172895403.23974317,0
2020-01-19 08:00:00,8915.09,9198.98,8466.0,8701.7,70676.889259,1579478399999,623950864.2762928,615665,33655.943241,297282818.0931591,0
2020-01-20 08:00:00,8701.72,8746.99,8521.28,8642.35,38896.639746,1579564799999,336447837.0018059,385006,19453.863782,168293007.48754647,0
2020-01-21 08:00:00,8642.35,8789.0,8488.0,8736.03,36494.687659,1579651199999,316056704.984738,365621,18731.871637,162303157.94279355,0
2020-01-22 08:00:00,8736.04,8818.0,8590.0,8682.36,29080.557138,1579737599999,252638888.2149255,317424,14477.157512,125794389.99554266,0
2020-01-23 08:00:00,8682.77,8691.81,8306.39,8404.52,48165.944597,1579823999999,407428808.675337,464805,23287.712444,196965082.0404137,0
2020-01-24 08:00:00,8404.52,8528.02,8238.0,8439.0,41687.529529,1579910399999,349874174.79003936,407271,21293.489586,178752179.11477745,0
2020-01-25 08:00:00,8438.99,8451.26,8254.9,8340.58,25521.157932,1579996799999,212869245.6358978,283118,13076.752786,109098245.22427255,0
2020-01-26 08:00:00,8340.01,8618.13,8293.66,8615.0,31130.485164,1580083199999,263941925.272999,332612,15797.911267,133936210.1435635,0
2020-01-27 08:00:00,8614.39,9000.0,8535.0,8907.57,53973.542996,1580169599999,473194952.8044688,514196,28592.326521,250794158.80919072,0
2020-01-28 08:00:00,8907.57,9400.0,8862.4,9374.21,74584.853765,1580255999999,676593159.4823396,616678,38852.363246,352558461.2153821,0
2020-01-29 08:00:00,9375.34,9449.24,9216.0,9301.53,53864.065122,1580342399999,503188568.83635783,492545,26615.651329,248688826.41119042,0
2020-01-30 08:00:00,9301.57,9578.0,9204.44,9513.21,60626.744259,1580428799999,569652869.8196837,529570,30852.55545,290043577.4392868,0
2020-01-31 08:00:00,9511.52,9530.22,9210.01,9352.89,45552.022352,1580515199999,425779010.40653664,428547,22482.470899,210150300.2222744,0
2020-02-01 08:00:00,9351.71,9464.53,9281.0,9384.61,28578.067354,1580601599999,268137739.9933375,334972,14679.126305,137764121.89168733,0
2020-02-02 08:00:00,9384.41,9477.03,9120.0,9331.51,45690.91254,1580687999999,428064088.6904683,446558,22588.40606,211808205.79156947,0
2020-02-03 08:00:00,9331.59,9618.79,9234.0,9292.24,50892.133451,1580774399999,476379993.4924724,492124,24781.397696,232065946.53854197,0
2020-02-04 08:00:00,9291.35,9350.0,9093.01,9197.02,53308.175266,1580860799999,491136137.2107625,528930,26103.432307,240571508.24015158,0
2020-02-05 08:00:00,9197.02,9744.45,9177.22,9612.04,64870.415615,1580947199999,613540574.7818311,661758,35375.605202,334620486.13736695,0
2020-02-06 08:00:00,9612.03,9862.57,9526.35,9772.0,64949.706588,1581033599999,631245079.8223811,682179,32143.454647,312506614.3866246,0
2020-02-07 08:00:00,9772.0,9885.0,9730.0,9813.73,43966.114632,1581119999999,430744860.1814393,582249,22733.988186,222761439.9557888,0
2020-02-08 08:00:00,9813.87,9940.0,9667.11,9895.05,43600.843666,1581206399999,427781790.200816,514573,22664.381837,222438123.8466874,0
2020-02-09 08:00:00,9895.04,10166.0,9880.75,10151.75,43408.475616,1581292799999,437441704.90539634,536848,22408.277327,225799470.0027466,0
2020-02-10 08:00:00,10151.72,10188.0,9756.0,9851.83,59573.084619,1581379199999,590091358.442907,690308,28618.883245,283509329.4368132,0
2020-02-11 08:00:00,9851.74,10323.59,9700.0,10223.08,62422.395224,1581465599999,624970415.4054742,710170,31905.31642,319373572.872505,0
2020-02-12 08:00:00,10223.08,10450.0,10223.08,10326.46,61008.06393,1581551999999,629756037.5160786,857655,31141.8077,321525481.5414018,0
2020-02-13 08:00:00,10325.33,10500.0,10080.0,10229.63,79344.358759,1581638399999,815507473.735361,932802,38475.272548,395629173.0386233,0
2020-02-14 08:00:00,10227.78,10381.56,10111.37,10344.36,47038.480173,1581724799999,482455622.0036259,622310,23697.005493,243079257.3055149,0
2020-02-15 08:00:00,10344.36,10375.0,9801.0,9904.72,57657.202947,1581811199999,580845331.1747847,739781,26758.580323,269731775.5031557,0
2020-02-16 08:00:00,9904.46,10050.0,9638.12,9917.27,60023.999537,1581897599999,592584876.9040861,708070,29406.136839,290482773.25193715,0
2020-02-17 08:00:00,9910.7,9964.16,9452.67,9706.0,70261.011901,1581983999999,680009637.6159953,778058,33221.839241,321724146.0973482,0
2020-02-18 08:00:00,9706.0,10250.0,9576.01,10164.71,70604.124019,1582070399999,696870122.812608,723413,37303.996326,368380176.64872575,0
2020-02-19 08:00:00,10164.78,10250.0,9350.0,9593.79,55162.586895,1582156799999,547679966.9292257,588760,25457.91648,253188749.12823528,0
2020-02-20 08:00:00,9594.65,9699.0,9400.0,9596.42,60152.342914,1582243199999,576020107.4626018,667387,29843.208875,285816414.8781603,0
2020-02-21 08:00:00,9597.21,9755.51,9550.21,9677.05,42181.554524,1582329599999,408286949.8035292,470599,21645.267614,209532434.5763331,0
2020-02-22 08:00:00,9677.05,9709.17,9560.02,9650.86,24636.757623,1582415999999,237544283.22525856,319961,13267.246511,127929552.99759819,0
2020-02-23 08:00:00,9650.85,9990.0,9645.0,9936.4,37702.089843,1582502399999,371815095.46744496,441935,20035.250549,197592792.8624695,0
2020-02-24 08:00:00,9936.4,9990.0,9473.56,9656.13,55796.59612,1582588799999,542081527.6408329,589384,26426.930644,256859539.02050737,0
2020-02-25 08:00:00,9655.52,9675.0,9250.0,9315.84,54379.344552,1582675199999,514946930.56602305,579079,26318.934158,249358678.88131347,0
2020-02-26 08:00:00,9316.48,9377.44,8633.63,8785.25,92130.345482,1582761599999,830717784.379095,871018,41928.874809,378197861.58165485,0
2020-02-27 08:00:00,8786.0,8971.77,8531.0,8823.21,72483.578762,1582847999999,636955872.7625463,696646,35410.014492,311229361.68385184,0
2020-02-28 08:00:00,8823.25,8900.0,8445.0,8692.91,71155.208977,1582934399999,615664817.0103912,655727,35295.606135,305533926.9847335,0
2020-02-29 08:00:00,8690.8,8790.0,8523.55,8523.61,36748.183035,1583020799999,318585951.98853236,414175,18916.854559,164044036.86872095,0
2020-03-01 08:00:00,8523.61,8750.0,8411.0,8531.88,43892.201779,1583107199999,375729315.25408256,472019,21838.368866,186962259.70689058,0
2020-03-02 08:00:00,8530.3,8965.75,8498.0,8915.24,60401.31773,1583193599999,528906629.5628192,564535,31213.080602,273395227.9483244,0
2020-03-03 08:00:00,8911.18,8919.65,8651.0,8760.07,55154.997282,1583279999999,484181096.3229557,512762,26954.229745,236655810.14459231,0
2020-03-04 08:00:00,8760.07,8848.29,8660.0,8750.87,38696.482578,1583366399999,338849891.9529354,454817,19279.33119,168832874.50723547,0
2020-03-05 08:00:00,8750.99,9159.42,8746.54,9054.68,58201.866355,1583452799999,524102029.20478296,619552,30482.082171,274387102.9108894,0
2020-03-06 08:00:00,9054.64,9170.0,8985.5,9131.88,43782.948044,1583539199999,397598476.4205629,493216,22296.560506,202484342.22117206,0
2020-03-07 08:00:00,9130.89,9188.0,8835.0,8886.66,45422.204525,1583625599999,409983263.78913796,485400,22281.715855,201161181.30473226,0
2020-03-08 08:00:00,8885.25,8886.76,8000.0,8033.31,77537.315166,1583711999999,656931544.7821604,740741,34843.607849,295351474.4354491,0
2020-03-09 08:00:00,8034.76,8179.31,7632.01,7929.87,116968.863268,1583798399999,918787729.0855838,929234,58020.957927,455866837.30462253,0
2020-03-10 08:00:00,7929.87,8149.0,7728.01,7894.56,86783.443875,1583884799999,689700153.4490932,737528,43673.584024,347117049.3619673,0
2020-03-11 08:00:00,7894.57,7980.0,7590.0,7934.52,79942.411172,1583971199999,624465167.3648188,699401,40497.892738,316442882.7597013,0
2020-03-12 08:00:00,7934.58,7966.17,4410.0,4800.0,261505.608653,1584057599999,1628590104.2222133,1770812,119298.006197,743481672.2037649,0
2020-03-13 08:00:00,4800.01,5955.0,3782.13,5578.6,402201.673764,1584143999999,2063819540.638995,2309830,197511.954273,1017423855.7557491,0
2020-03-14 08:00:00,5576.05,5640.52,5055.13,5172.06,136910.135974,1584230399999,736651880.9210789,1106125,66104.019729,356020329.8521769,0
2020-03-15 08:00:00,5172.48,5940.0,5093.1,5361.3,139916.146534,1584316799999,753755706.4268771,1037714,70540.65095,380499471.94982266,0
2020-03-16 08:00:00,5360.33,5365.42,4442.12,5028.97,227276.92276,1584403199999,1113690309.1015868,1608176,108901.967366,533857910.81658685,0
2020-03-17 08:00:00,5028.86,5525.0,4921.45,5312.64,150089.926318,1584489599999,793147908.2684973,1069217,74698.374254,394902319.1241586,0
2020-03-18 08:00:00,5312.64,5436.17,5009.37,5393.04,137127.634894,1584575999999,719748122.45302,962843,65106.067778,341970839.5779824,0
2020-03-19 08:00:00,5393.26,6400.0,5252.53,6162.37,199020.873439,1584662399999,1164739707.514236,1403608,99011.947011,579536547.7582244,0
2020-03-20 08:00:00,6162.05,6900.0,5670.0,6208.36,219298.329514,1584748799999,1401734013.1752021,1580069,104719.63918,670117999.1481416,0
2020-03-21 08:00:00,6204.57,6456.98,5860.02,6186.98,128913.668363,1584835199999,794962136.6384171,990974,63326.096852,390737241.11380976,0
2020-03-22 08:00:00,6187.04,6407.87,5734.01,5816.19,119115.990527,1584921599999,722895653.5100615,952259,57189.898349,347411876.3609581,0
2020-03-23 08:00:00,5816.05,6600.0,5688.0,6467.31,164674.215785,1585007999999,1015525672.0743864,1099406,84136.011728,519197453.13588756,0
2020-03-24 08:00:00,6465.25,6833.0,6371.33,6744.72,151138.009878,1585094399999,1001890515.2399886,1012669,72781.817328,482659188.55276763,0
2020-03-25 08:00:00,6744.69,6957.96,6450.0,6677.43,132155.734989,1585180799999,880250736.9079887,912179,63515.16835,423439621.6406946,0
2020-03-26 08:00:00,6677.42,6780.0,6510.0,6737.36,83026.555211,1585267199999,552537189.4793514,668467,41123.410506,273834254.4669247,0
2020-03-27 08:00:00,6737.27,6842.59,6261.0,6359.11,82914.968354,1585353599999,551326113.8552039,643631,38439.272216,255910741.81760174,0
2020-03-28 08:00:00,6359.11,6360.0,6024.0,6236.65,93159.693429,1585439999999,577986706.1289365,725588,44960.523438,279053353.63500285,0
2020-03-29 08:00:00,6236.65,6266.0,5866.56,5881.42,63311.627714,1585526399999,383707122.5009629,496709,29080.967922,176336037.90451324,0
2020-03-30 08:00:00,5880.5,6599.0,5857.76,6394.38,118889.549992,1585612799999,747569726.4544197,784034,58863.312983,370039956.0073812,0
2020-03-31 08:00:00,6394.45,6523.23,6321.4,6410.44,72337.595259,1585699199999,465780496.6224872,538231,34730.902334,223650665.24981058,0
2020-04-01 08:00:00,6412.14,6679.94,6150.11,6642.92,97500.7524,1585785599999,618527468.8341641,758061,49161.370195,312180122.98026615,0
2020-04-02 08:00:00,6643.36,7198.0,6551.0,6794.09,149299.906871,1585871999999,1014494762.4416422,1101043,74722.163748,508095825.9586769,0
2020-04-03 08:00:00,6793.86,7048.0,6602.1,6734.1,104080.276939,1585958399999,710254017.1002722,840456,51077.938671,348762338.666862,0
2020-04-04 08:00:00,6732.97,6990.41,6650.01,6856.99,72990.861139,1586044799999,495076283.5209041,659051,36419.056684,247173793.29146552,0
2020-04-05 08:00:00,6857.41,6895.54,6677.52,6772.78,49685.356983,1586131199999,337062083.0020279,506433,23875.578312,162008820.3887751,0
2020-04-06 08:00:00,6772.78,7355.14,6765.0,7329.9,118052.000832,1586217599999,837357664.6519214,956586,59322.208873,420706756.20827895,0
2020-04-07 08:00:00,7329.9,7459.69,7077.0,7197.32,103585.168918,1586303999999,757201786.6976632,924436,48811.267789,357008427.7255391,0
2020-04-08 08:00:00,7197.32,7420.0,7150.0,7361.28,76059.145838,1586390399999,555122600.2750258,750516,39000.552565,284685809.77746606,0
2020-04-09 08:00:00,7360.26,7371.92,7108.08,7283.54,61094.872417,1586476799999,444741085.9037586,686207,28801.892851,209718590.14289618,0
2020-04-10 08:00:00,7283.54,7295.75,6739.98,6858.92,104674.623375,1586563199999,727281590.7719399,949050,47958.960805,333222230.69815034,0
2020-04-11 08:00:00,6858.92,6944.3,6760.0,6876.83,45470.293206,1586649599999,311699573.516674,484618,21157.128381,145036158.54711846,0
2020-04-12 08:00:00,6876.84,7177.0,6780.0,6903.79,73868.666501,1586735999999,516235035.18651134,648323,35637.958687,249206873.18271956,0
2020-04-13 08:00:00,6903.79,6903.79,6575.0,6837.91,96415.476573,1586822399999,649390681.2485026,804179,44648.492187,300780988.70993096,0
2020-04-14 08:00:00,6838.04,6978.0,6754.28,6868.7,69068.623285,1586908799999,474794776.19211113,608665,32019.322337,220122993.7265764,0
2020-04-15 08:00:00,6868.57,6933.0,6605.0,6621.24,61571.384994,1586995199999,416947490.6156957,581374,29866.89225,202324176.1600371,0
2020-04-16 08:00:00,6621.25,7190.0,6468.27,7101.94,125009.857539,1587081599999,865277543.3946934,971163,63251.204331,438475139.1082971,0
2020-04-17 08:00:00,7101.99,7148.12,6972.98,7027.55,54126.509763,1587167999999,382334236.16947895,537554,25973.970677,183489537.17453393,0
2020-04-18 08:00:00,7026.78,7293.08,7014.4,7248.6,49488.542819,1587254399999,354845083.77618897,494670,23980.644731,171950110.370116,0
2020-04-19 08:00:00,7248.6,7266.15,7055.6,7120.74,45664.86393,1587340799999,326485586.9317383,483574,21519.030976,153854417.3706887,0
2020-04-20 08:00:00,7121.4,7220.0,6751.0,6826.83,90149.49137,1587427199999,629612368.7476892,785174,40427.515933,282531224.312811,0
2020-04-21 08:00:00,6828.98,6940.0,6762.0,6841.37,60109.710808,1587513599999,411800606.08159715,555797,27732.164398,190003705.32072502,0
2020-04-22 08:00:00,6841.36,7156.38,6818.0,7125.14,61486.377334,1587599999999,431271646.17559904,508659,28258.859922,198241315.96185333,0
2020-04-23 08:00:00,7125.12,7738.0,7020.0,7482.39,102773.569561,1587686399999,756320213.5858521,881099,52475.598541,386041564.8244507,0
2020-04-24 08:00:00,7483.96,7615.96,7388.0,7505.0,60182.119939,1587772799999,452118137.79400164,601093,29412.509143,220931579.32065317,0
2020-04-25 08:00:00,7505.0,7705.0,7431.07,7538.67,43874.427726,1587859199999,331292050.77197313,521943,21111.140946,159480178.37989962,0
2020-04-26 08:00:00,7539.03,7700.0,7480.0,7693.1,50522.616209,1587945599999,384202783.2747096,554480,24707.494225,187939788.77144253,0
2020-04-27 08:00:00,7693.1,7792.02,7606.0,7774.62,65441.339576,1588031999999,504025811.6512535,637800,31594.106596,243380424.90896013,0
2020-04-28 08:00:00,7773.51,7780.0,7659.12,7738.98,46302.752638,1588118399999,357391780.93076265,499414,21305.50136,164468534.08844885,0
2020-04-29 08:00:00,7738.58,8952.89,7710.05,8778.57,183546.887514,1588204799999,1536390177.044949,1433128,91462.005617,765292175.0671884,0
2020-04-30 08:00:00,8778.58,9460.0,8401.0,8620.0,206277.214124,1588291199999,1839283907.4625194,1661554,99484.476377,887675398.177694,0
2020-05-01 08:00:00,8620.0,9059.18,8613.56,8826.96,91468.815059,1588377599999,805640126.6308705,865960,44763.354481,394216389.90386546,0
2020-05-02 08:00:00,8825.67,9010.0,8753.0,8972.05,59002.08755,1588463999999,523838859.5442492,637884,30400.353449,269917468.3416013,0
2020-05-03 08:00:00,8972.58,9200.0,8712.0,8894.16,90126.065643,1588550399999,808427095.9321591,877460,44321.3704,397824441.8012372,0
2020-05-04 08:00:00,8894.15,8950.0,8522.0,8871.96,84418.512331,1588636799999,738343818.6939254,848802,39118.380222,342180074.58001775,0
2020-05-05 08:00:00,8871.92,9118.58,8760.0,9021.83,76480.765342,1588723199999,683083018.8779808,812543,37454.518379,334700993.4328503,0
2020-05-06 08:00:00,9021.36,9395.0,8906.21,9142.92,105925.30242,1588809599999,972793508.4649074,1007661,51189.790893,470167656.5656032,0
2020-05-07 08:00:00,9143.4,10067.0,9021.0,9986.4,147154.611378,1588895999999,1409783462.0063643,1254835,74602.193112,715407978.1961043,0
2020-05-08 08:00:00,9986.3,10035.96,9705.0,9800.01,100683.7964,1588982399999,997005843.7404792,967816,46207.637594,457701324.85886586,0
2020-05-09 08:00:00,9800.02,9914.25,9520.0,9539.4,81950.679567,1589068799999,795001351.6797023,839384,36738.679244,356475632.6589254,0
2020-05-10 08:00:00,9539.1,9574.83,8117.0,8722.77,183865.182028,1589155199999,1594996476.975637,1565771,84376.580774,731417660.3519951,0
2020-05-11 08:00:00,8722.77,9168.0,8200.0,8561.52,168807.251832,1589241599999,1468392820.7608037,1367382,81474.595067,708958944.1586587,0
2020-05-12 08:00:00,8562.04,8978.26,8528.78,8810.79,86522.780066,1589327999999,760195457.0509586,784859,40570.317401,356508014.1884676,0
2020-05-13 08:00:00,8810.99,9398.0,8792.99,9309.37,92466.274018,1589414399999,839725719.9602077,869216,43648.354655,396713970.0443314,0
2020-05-14 08:00:00,9309.35,9939.0,9256.76,9791.98,129565.37747,1589500799999,1247456797.8136663,1199530,63438.510993,611313934.3913236,0
2020-05-15 08:00:00,9791.97,9845.62,9150.0,9316.42,115890.761516,1589587199999,1099721375.8919058,1055630,55397.123434,525813199.3366492,0
2020-05-16 08:00:00,9315.96,9588.0,9220.0,9381.27,59587.627862,1589673599999,560547005.0259086,692028,28861.3682,271542836.2138013,0
2020-05-17 08:00:00,9380.81,9888.0,9322.1,9680.04,68647.764323,1589759999999,663088800.815278,722718,34734.034993,335478915.9764369,0
2020-05-18 08:00:00,9681.11,9950.0,9464.23,9733.93,82006.603583,1589846399999,797622297.3261683,794292,40242.842986,391957586.20057756,0
2020-05-19 08:00:00,9733.93,9897.21,9474.0,9775.53,78539.760454,1589932799999,760713946.0085461,773581,37821.719308,366745428.20816094,0
2020-05-20 08:00:00,9775.13,9842.0,9326.0,9511.43,74923.73809,1590019199999,721190802.7634026,731189,33481.796678,322416331.9624527,0
2020-05-21 08:00:00,9511.43,9578.47,8815.0,9068.65,108928.780969,1590105599999,1002046265.9412597,951971,49914.081138,459089374.16887957,0
2020-05-22 08:00:00,9067.51,9271.0,8933.52,9170.0,58943.131024,1590191999999,537847834.4967086,693694,28987.315896,264538897.25902513,0
2020-05-23 08:00:00,9170.0,9307.85,9070.0,9179.15,43526.296966,1590278399999,400407195.62892234,512460,21377.616332,196682791.17593566,0
2020-05-24 08:00:00,9179.01,9298.0,8700.0,8720.34,70379.86645,1590364799999,636787240.3733248,774088,32046.411444,290362268.47214717,0
2020-05-25 08:00:00,8718.14,8979.66,8642.72,8900.35,62833.910949,1590451199999,553545285.9140139,733557,30771.888744,271166770.94493836,0
2020-05-26 08:00:00,8900.35,9017.67,8700.0,8841.18,58299.770138,1590537599999,516455128.89068806,678304,28242.170083,250278944.16497475,0
2020-05-27 08:00:00,8841.0,9225.0,8811.73,9204.07,68910.355514,1590623999999,624660855.780037,662850,33532.620265,304057334.99150485,0
2020-05-28 08:00:00,9204.07,9625.47,9110.0,9575.89,74110.787662,1590710399999,693930106.1813825,738725,37974.899609,355720464.8630843,0
2020-05-29 08:00:00,9575.87,9605.26,9330.0,9427.07,57374.362961,1590796799999,542758086.6064702,593705,26819.212894,253696538.73175293,0
2020-05-30 08:00:00,9426.6,9740.0,9331.23,9697.72,55665.27254,1590883199999,530598690.0714505,651290,29252.679904,279016030.1311799,0
2020-05-31 08:00:00,9697.72,9700.0,9381.41,9448.27,48333.786403,1590969599999,461272298.8525205,651473,22778.001169,217450165.0180633,0
2020-06-01 08:00:00,9448.27,10380.0,9421.67,10200.77,76649.12696,1591055999999,749707596.6593573,826964,41530.412317,406777189.28314984,0
2020-06-02 08:00:00,10202.71,10228.99,9266.0,9518.04,108970.773151,1591142399999,1070060237.1302093,1004312,49354.907969,485973112.19351894,0
2020-06-03 08:00:00,9518.02,9690.0,9365.21,9666.24,46252.644939,1591228799999,441928818.0430156,562784,22656.30815,216537558.0168512,0
2020-06-04 08:00:00,9666.32,9881.63,9450.0,9789.06,57456.100969,1591315199999,557234945.6467389,665881,28778.237371,279263924.70782906,0
2020-06-05 08:00:00,9788.14,9854.75,9581.0,9621.16,47788.05005,1591401599999,465200788.20363384,566062,22329.107119,217444468.9505285,0
2020-06-06 08:00:00,9621.17,9735.0,9531.05,9666.3,32752.950893,1591487999999,315604867.2361491,435796,15832.693765,152610794.9455491,0
2020-06-07 08:00:00,9666.85,9802.0,9372.46,9746.99,57952.848385,1591574399999,556919603.7915448,637766,28426.595129,273242856.19134754,0
2020-06-08 08:00:00,9746.99,9800.0,9633.0,9782.01,40664.664125,1591660799999,395459395.8213372,485139,19744.039124,192037951.04548973,0
2020-06-09 08:00:00,9782.0,9877.0,9570.0,9772.43,46024.001289,1591747199999,447208895.8386983,551863,21901.19095,212965408.6778281,0
2020-06-10 08:00:00,9772.44,9992.72,9704.18,9885.0,47130.762982,1591833599999,462384305.3511993,560909,23128.161032,226982635.61915445,0
2020-06-11 08:00:00,9885.22,9964.0,9113.0,9280.4,94418.98473,1591919999999,902075648.5453849,966502,40972.064749,391689549.6579659,0
2020-06-12 08:00:00,9278.88,9557.12,9232.51,9465.13,50119.066932,1592006399999,472007894.3756753,553203,24344.81637,229325970.87113217,0
2020-06-13 08:00:00,9464.96,9494.73,9351.0,9473.34,27759.784851,1592092799999,261673162.2584724,392763,13531.007214,127577168.31734002,0
2020-06-14 08:00:00,9473.34,9480.99,9245.0,9342.1,30055.506608,1592179199999,282131272.3800662,415568,14465.416151,135811554.06421557,0
2020-06-15 08:00:00,9342.1,9495.0,8910.45,9426.02,86107.924707,1592265599999,793518842.5509845,839521,41630.747529,384031123.18172884,0
2020-06-16 08:00:00,9426.05,9589.0,9373.09,9525.59,52052.446927,1592351999999,494458269.1397911,543481,25692.839625,244097412.8828076,0
2020-06-17 08:00:00,9526.97,9565.0,9236.61,9465.14,48046.411152,1592438399999,453209812.2257806,536158,22842.831276,215532725.63392767,0
2020-06-18 08:00:00,9465.13,9489.0,9280.0,9386.32,37381.953765,1592524799999,351649555.0725387,475074,17940.405253,168801558.37933227,0
2020-06-19 08:00:00,9386.32,9438.3,9215.79,9310.23,45330.983673,1592611199999,423086965.1927383,503484,22055.969046,205898368.34014913,0
2020-06-20 08:00:00,9310.23,9395.0,9170.95,9358.95,30329.065384,1592697599999,282120360.5567526,382778,15125.081769,140741525.62068328,0
2020-06-21 08:00:00,9358.95,9422.0,9281.54,9294.69,24316.926234,1592783999999,227467940.6102112,321015,11779.797182,110215504.55537862,0
2020-06-22 08:00:00,9294.69,9780.0,9277.09,9685.69,57895.468343,1592870399999,550995799.0694704,588704,30738.200375,292712778.1434761,0
2020-06-23 08:00:00,9685.69,9720.0,9577.03,9624.89,41031.02938,1592956799999,395487616.460878,474319,19112.606216,184247416.84941235,0
2020-06-24 08:00:00,9624.33,9670.0,9208.0,9296.49,61571.561464,1593043199999,579426702.7966821,572362,26903.544061,253131387.59992126,0
2020-06-25 08:00:00,9298.33,9340.0,9009.69,9249.49,55831.619156,1593129599999,514396747.4047828,536205,26546.395563,244659133.8850236,0
2020-06-26 08:00:00,9249.49,9298.0,9045.45,9162.21,50292.298277,1593215999999,461347064.82950306,510947,23307.903475,213866832.83863124,0
2020-06-27 08:00:00,9162.21,9196.24,8833.0,9012.0,46290.930113,1593302399999,419606802.2372014,499415,21056.87686,191013780.26087573,0
2020-06-28 08:00:00,9012.0,9191.0,8948.06,9116.35,30688.176421,1593388799999,278721674.9221112,374404,14982.804528,136093615.8190654,0
2020-06-29 08:00:00,9116.16,9238.0,9024.67,9192.56,42120.293261,1593475199999,384206326.4706804,434299,20449.097796,186542867.41056207,0
2020-06-30 08:00:00,9192.93,9205.0,9064.89,9138.55,31463.162801,1593561599999,287781334.5170158,328083,15267.747467,139674651.10276634,0
2020-07-01 08:00:00,9138.08,9292.0,9080.1,9232.0,38488.528699,1593647999999,354087627.16966116,374832,19068.831705,175429466.2892198,0
2020-07-02 08:00:00,9231.99,9261.96,8940.0,9086.54,45725.168076,1593734399999,417724468.88735676,470292,21637.630489,197709875.24815682,0
2020-07-03 08:00:00,9086.54,9125.0,9037.47,9058.26,28943.420177,1593820799999,263123750.46717235,343189,13719.524517,124722413.06761461,0
2020-07-04 08:00:00,9057.79,9190.0,9040.04,9135.46,26441.968484,1593907199999,240576054.91572312,335225,13588.8196,123666216.06517515,0
2020-07-05 08:00:00,9135.0,9145.24,8893.03,9069.41,34073.653627,1593993599999,308410443.6592152,384500,16276.23427,147339875.53843993,0
2020-07-06 08:00:00,9069.41,9375.0,9055.92,9344.2,54463.132277,1594079999999,502548376.20946366,533540,28132.942222,259636973.335946,0
2020-07-07 08:00:00,9342.47,9379.42,9203.0,9257.39,34587.336678,1594166399999,320576525.3553498,433481,16284.849002,150931441.59977534,0
2020-07-08 08:00:00,9257.4,9470.0,9231.0,9436.06,56140.517781,1594252799999,525344876.6999235,652605,28067.680642,262723969.14964062,0
2020-07-09 08:00:00,9436.06,9440.79,9160.0,9232.43,48044.450645,1594339199999,447640493.54432976,575491,22644.915501,210991009.74510142,0
2020-07-10 08:00:00,9232.42,9317.48,9125.0,9288.34,38295.494006,1594425599999,352238898.76948255,525484,18360.613168,168904319.25502697,0
2020-07-11 08:00:00,9288.34,9299.28,9178.25,9234.03,22561.366,1594511999999,208410250.5095937,413452,10815.473293,99921646.88340026,0
2020-07-12 08:00:00,9234.02,9345.0,9157.5,9302.75,30872.702286,1594598399999,285591381.4915314,484875,14980.187704,138584259.00133508,0
2020-07-13 08:00:00,9303.31,9343.82,9200.89,9242.62,42740.069115,1594684799999,396614086.79626995,642552,19689.443337,182734051.95071438,0
2020-07-14 08:00:00,9242.61,9279.54,9113.0,9255.85,45772.552509,1594771199999,421789086.4549474,613139,21666.536951,199673293.75001955,0
2020-07-15 08:00:00,9255.85,9276.49,9160.57,9197.6,39053.579665,1594857599999,360201683.49480516,554780,17977.679747,165822998.03166476,0
2020-07-16 08:00:00,9197.6,9226.15,9047.25,9133.72,43375.571191,1594943999999,395883667.0248003,681807,20410.130009,186271268.49276468,0
2020-07-17 08:00:00,9133.72,9186.83,9089.81,9154.32,28054.358741,1595030399999,256360345.57676792,470991,13397.537805,122434361.70789555,0
2020-07-18 08:00:00,9154.31,9219.3,9121.1,9170.28,22554.541457,1595116799999,206628105.36278892,430377,11502.704829,105387979.46391492,0
2020-07-19 08:00:00,9170.3,9232.27,9101.35,9208.99,26052.019417,1595203199999,238521988.0313255,440449,12873.373493,117870221.4249293,0
2020-07-20 08:00:00,9208.99,9221.52,9131.0,9160.78,35458.764082,1595289599999,325297289.27265835,557096,16527.692886,151623269.70394644,0
2020-07-21 08:00:00,9160.78,9437.73,9152.8,9390.0,60413.582486,1595375999999,563360524.7994282,782959,29470.512051,274802209.580128,0
2020-07-22 08:00:00,9390.0,9544.0,9261.0,9518.16,48815.004107,1595462399999,457776105.61557144,663029,23362.19379,219166005.90788165,0
2020-07-23 08:00:00,9518.16,9664.0,9440.33,9603.27,51856.2335,1595548799999,494282948.7336824,735371,24461.265468,233235064.19448093,0
2020-07-24 08:00:00,9603.27,9637.0,9463.44,9537.8,43931.136205,1595635199999,419240263.5218282,677725,20416.299973,194861143.5855291,0
2020-07-25 08:00:00,9538.1,9732.9,9513.0,9700.42,40679.545416,1595721599999,391431695.7168218,675222,19626.608893,188907762.7521463,0
2020-07-26 08:00:00,9700.42,10111.0,9650.0,9931.54,65279.269319,1595807999999,644607634.4817771,945611,33748.331807,333445554.97564465,0
2020-07-27 08:00:00,9931.54,11394.86,9917.21,11029.96,150188.933144,1595894399999,1580355372.0991797,1901088,76650.610051,806266386.3887895,0
2020-07-28 08:00:00,11029.96,11242.23,10565.0,10906.27,97267.734187,1595980799999,1065375500.1891887,1475636,46575.430534,510271018.98956394,0
2020-07-29 08:00:00,10906.27,11342.82,10812.0,11100.53,76838.094233,1596067199999,853242253.6158237,1127302,36218.477065,402507227.08882374,0
2020-07-30 08:00:00,11100.52,11170.0,10831.0,11099.61,60794.826456,1596153599999,669779541.8872834,879960,28272.698765,311567992.0035252,0
2020-07-31 08:00:00,11099.79,11444.0,10960.0,11335.46,70063.660974,1596239999999,786344325.8552314,971584,34068.143365,382632611.4413553,0
2020-08-01 08:00:00,11335.46,11861.0,11220.0,11801.17,85087.485126,1596326399999,987817017.3186326,1174252,40523.733524,470714480.0111347,0
2020-08-02 08:00:00,11801.17,12123.46,10518.5,11071.35,97553.077604,1596412799999,1105757335.5281618,1459900,45974.786415,521934340.8317661,0
2020-08-03 08:00:00,11071.36,11473.0,10936.0,11219.81,56931.841475,1596499199999,641127593.2614517,919185,27133.035136,305554713.93730706,0
2020-08-04 08:00:00,11219.68,11414.98,11000.0,11191.97,58629.113709,1596585599999,658084242.6797222,863692,27861.615661,312734273.79301876,0
2020-08-05 08:00:00,11191.99,11780.93,11093.0,11744.91,74970.256852,1596671999999,861433645.4244397,964637,36130.384551,415113460.07729,0
2020-08-06 08:00:00,11744.91,11900.0,11562.5,11762.46,63529.08502,1596758399999,746479211.7155949,919918,30044.203297,353083043.8420358,0
2020-08-07 08:00:00,11762.47,11909.94,11322.0,11594.23,65755.926022,1596844799999,767005529.2821208,940045,29993.01871,349862123.74910676,0
2020-08-08 08:00:00,11594.36,11808.27,11512.0,11761.41,41858.16104,1596931199999,489087264.36028093,779318,20448.352618,238996465.92770353,0
2020-08-09 08:00:00,11761.02,11797.11,11521.97,11681.68,41493.067342,1597017599999,483708602.8963804,853386,19031.223314,221877538.80726916,0
2020-08-10 08:00:00,11681.69,12067.35,11450.0,11892.92,84952.337887,1597103999999,1009169063.3832129,1340835,42058.722455,499909664.32169163,0
2020-08-11 08:00:00,11892.9,11935.0,11125.0,11392.08,90748.284634,1597190399999,1049615697.1379416,1343979,41221.961009,476990926.5770558,0
2020-08-12 08:00:00,11392.09,11617.52,11150.0,11564.33,64909.613644,1597276799999,743303608.0999826,1104096,30943.672114,354308405.99191445,0
2020-08-13 08:00:00,11564.34,11792.96,11270.36,11780.0,70132.491502,1597363199999,809611114.2132484,1243382,34841.790602,402381474.7504298,0
2020-08-14 08:00:00,11779.77,11850.0,11634.03,11760.54,59818.852697,1597449599999,702273220.6964158,1011746,28464.669553,334192256.65110326,0
2020-08-15 08:00:00,11760.55,11980.0,11680.0,11852.4,56237.90505,1597535999999,667446824.0641296,1018956,27303.966321,324138943.4177591,0
2020-08-16 08:00:00,11852.4,11931.72,11686.0,11911.0,41368.236906,1597622399999,489731524.6369436,790240,19342.045312,229032803.39445427,0
2020-08-17 08:00:00,11910.99,12468.0,11769.78,12281.13,84734.21154,1597708799999,1026883452.8947719,1210228,42291.086199,512410754.0903758,0
2020-08-18 08:00:00,12281.15,12387.77,11817.93,11945.01,75923.835527,1597795199999,920402307.1768105,1189390,35954.349975,436020475.3183466,0
2020-08-19 08:00:00,11945.1,12020.08,11561.0,11754.59,73940.169606,1597881599999,870612801.5295693,1258060,34861.135969,410547222.25978076,0
2020-08-20 08:00:00,11754.38,11888.0,11668.0,11853.55,46085.254351,1597967999999,543576025.0485107,798027,21992.907541,259381062.46462873,0
2020-08-21 08:00:00,11853.54,11878.0,11485.81,11531.34,64448.306142,1598054399999,755451999.6540914,1189668,30531.732866,357993659.7185244,0
2020-08-22 08:00:00,11531.23,11686.0,11376.81,11662.96,43678.701646,1598140799999,504305451.410864,809328,21605.070922,249466430.9099906,0
2020-08-23 08:00:00,11663.51,11718.07,11514.13,11648.13,37900.00469,1598227199999,440406018.65187865,627352,18514.627525,215154211.01204568,0
2020-08-24 08:00:00,11648.12,11824.9,11585.09,11748.2,46212.391867,1598313599999,542298951.538298,656584,22780.419488,267322530.4323263,0
2020-08-25 08:00:00,11748.19,11767.85,11117.64,11318.42,69590.923272,1598399999999,797034671.6452801,996668,33126.45198,379562265.5590256,0
2020-08-26 08:00:00,11318.42,11539.32,11244.0,11461.43,53998.231231,1598486399999,615452789.9673375,862654,25622.53674,291999409.36174107,0
2020-08-27 08:00:00,11461.42,11592.2,11125.0,11330.38,63246.036383,1598572799999,717474981.6640126,959270,30793.180668,349359723.857759,0
2020-08-28 08:00:00,11330.38,11542.65,11276.89,11526.91,45953.908365,1598659199999,525606229.654251,719985,21714.202859,248344753.1280814,0
2020-08-29 08:00:00,11526.9,11580.02,11417.04,11465.84,32973.7992,1598745599999,379228275.2707224,611834,15709.309985,180675288.37511048,0
2020-08-30 08:00:00,11465.84,11719.0,11458.0,11711.16,43177.879054,1598831999999,501375342.9350389,756541,22258.115902,258461346.45546266,0
2020-08-31 08:00:00,11711.17,11800.77,11570.0,11649.51,55353.617744,1598918399999,646723855.5714536,822062,26579.940284,310534861.61639535,0
2020-09-01 08:00:00,11649.51,12050.85,11515.0,11921.97,78148.193668,1599004799999,928047313.4889667,1321492,37476.019382,444996773.6683221,0
2020-09-02 08:00:00,11921.97,11954.57,11160.1,11388.54,87221.845602,1599091199999,1005391012.1338751,1373524,39972.309887,460939443.22481513,0
2020-09-03 08:00:00,11388.54,11462.6,9960.8,10140.85,121950.106015,1599177599999,1325106403.3158674,1611610,54266.83286,590230451.1123078,0
2020-09-04 08:00:00,10138.29,10627.05,9875.5,10446.25,92733.599113,1599263999999,959925718.3512754,1434860,42707.834666,442163704.1972196,0
2020-09-05 08:00:00,10446.25,10565.68,9825.0,10166.69,90001.605568,1599350399999,917578408.8761182,1476782,43478.132323,443342852.1870749,0
2020-09-06 08:00:00,10166.69,10347.14,9994.86,10256.2,56368.788815,1599436799999,574903000.2351745,1053192,28033.438827,285904912.7509627,0
2020-09-07 08:00:00,10255.89,10410.75,9875.0,10373.44,62620.230676,1599523199999,634278537.8151095,927363,30576.700673,309796338.54525113,0
2020-09-08 08:00:00,10373.45,10438.0,9850.0,10126.65,73491.878418,1599609599999,742947901.9712393,1048125,34410.81447,348048428.8837255,0
2020-09-09 08:00:00,10126.66,10343.0,9981.01,10219.2,49347.113776,1599695999999,503082625.21479094,755560,23815.412427,242759702.91500348,0
2020-09-10 08:00:00,10219.29,10483.35,10070.83,10336.87,58253.75375,1599782399999,602390078.4922807,851877,27690.112498,286362452.83931565,0
2020-09-11 08:00:00,10336.86,10397.6,10200.0,10387.89,43830.254467,1599868799999,451241002.66033626,637869,21231.610727,218592078.0289088,0
2020-09-12 08:00:00,10387.89,10477.97,10269.25,10440.92,35379.153096,1599955199999,366912671.4437269,577724,17560.768885,182148657.4569061,0
2020-09-13 08:00:00,10440.67,10580.11,10200.0,10332.83,43837.609865,1600041599999,455338605.3291489,692439,20785.517328,215965189.3161275,0
2020-09-14 08:00:00,10332.84,10750.0,10212.34,10671.77,67059.291361,1600127999999,706175591.3866128,828957,31880.363157,335719021.0389043,0
2020-09-15 08:00:00,10671.77,10930.04,10606.48,10785.31,61822.452786,1600214399999,666457161.1491377,893852,29744.087277,320640236.4058763,0
2020-09-16 08:00:00,10785.23,11093.0,10661.22,10954.01,64991.51244,1600300799999,708644989.4830699,884153,31740.511691,346117690.57309234,0
2020-09-17 08:00:00,10954.01,11045.46,10745.83,10939.99,55601.614529,1600387199999,605010288.7799246,829137,27029.927035,294147097.61187047,0
2020-09-18 08:00:00,10940.0,11038.03,10812.84,10933.39,47266.728275,1600473599999,516147935.6692284,717371,23044.919886,251654627.23674527,0
2020-09-19 08:00:00,10933.4,11179.79,10887.37,11080.65,38440.036858,1600559999999,423651901.1577304,620127,19923.059267,219623766.3129781,0
2020-09-20 08:00:00,11080.64,11080.64,10723.0,10920.28,39157.922565,1600646399999,426815210.75551224,646329,19437.694363,211845335.515648,0
2020-09-21 08:00:00,10920.28,10988.86,10296.35,10417.22,70683.431179,1600732799999,751020795.2358837,1028531,33628.930589,357346575.16901845,0
2020-09-22 08:00:00,10417.22,10572.71,10353.0,10529.61,43991.235476,1600819199999,460362500.7284081,738576,21497.461589,224981251.32868055,0
2020-09-23 08:00:00,10529.61,10537.15,10136.82,10241.46,51876.568079,1600905599999,539362015.157462,774391,25012.706819,260045385.65157038,0
2020-09-24 08:00:00,10241.46,10795.24,10190.93,10736.32,57676.619427,1600991999999,604520870.055638,789282,27946.804325,292936072.9870462,0
2020-09-25 08:00:00,10736.33,10760.53,10556.24,10686.67,48101.117008,1601078399999,512647249.14932007,733430,23566.330337,251168863.92711732,0
2020-09-26 08:00:00,10686.57,10820.94,10644.68,10728.6,28420.836659,1601164799999,304511477.6808554,502670,14314.531345,153391173.49799377,0
2020-09-27 08:00:00,10728.59,10799.0,10594.82,10774.25,30549.483253,1601251199999,327169249.4549957,516004,15101.03977,161737536.90897185,0
2020-09-28 08:00:00,10774.26,10950.0,10626.0,10696.12,50095.251734,1601337599999,544463219.5978092,686664,25219.073315,274111924.6613249,0
2020-09-29 08:00:00,10696.11,10867.54,10635.87,10840.48,41874.898399,1601423999999,449345822.46022886,587576,19896.076209,213544159.85659415,0
2020-09-30 08:00:00,10840.58,10849.34,10665.13,10776.59,39596.027322,1601510399999,425279696.28526336,595383,18712.059711,200976719.4408508,0
2020-10-01 08:00:00,10776.59,10920.0,10437.0,10619.13,60866.332893,1601596799999,652168989.4617349,794855,28449.975103,304779535.38197476,0
2020-10-02 08:00:00,10619.13,10664.64,10374.0,10570.4,50130.393705,1601683199999,526864379.30936533,777193,24123.902545,253507685.503587,0
2020-10-03 08:00:00,10570.4,10603.56,10496.46,10542.06,22298.221341,1601769599999,235160884.60853615,381329,10752.462882,113392722.76217198,0
2020-10-04 08:00:00,10542.07,10696.87,10517.87,10666.63,23212.001595,1601855999999,246252050.90681073,377553,12123.27565,128619845.13152087,0
2020-10-05 08:00:00,10666.62,10798.0,10615.64,10792.21,34025.761653,1601942399999,364158510.23798054,483340,15551.584387,166457546.86846152,0
2020-10-06 08:00:00,10792.2,10800.0,10525.0,10599.66,48674.740471,1602028799999,520051256.08219916,734526,23189.6899,247740447.636706,0
2020-10-07 08:00:00,10599.65,10681.87,10546.17,10666.39,32811.990279,1602115199999,348298562.85686266,503440,15783.355684,167548410.82933536,0
2020-10-08 08:00:00,10666.4,10950.0,10530.41,10925.57,51959.691572,1602201599999,559311760.4414803,659291,26482.599529,285240420.957764,0
2020-10-09 08:00:00,10925.44,11104.64,10829.0,11050.64,48240.073237,1602287999999,530822321.5162347,635681,25658.631396,282409996.0093115,0
2020-10-10 08:00:00,11050.64,11491.0,11050.51,11293.22,43648.036943,1602374399999,494785212.2308735,698561,22807.204651,258432465.7904096,0
2020-10-11 08:00:00,11293.22,11445.0,11221.0,11369.02,29043.851339,1602460799999,329927755.03808504,509714,14470.444269,164384653.13411286,0
2020-10-12 08:00:00,11369.02,11720.01,11172.0,11528.25,52825.28371,1602547199999,604779845.7920177,740823,26865.929321,307665447.3392344,0
2020-10-13 08:00:00,11528.24,11557.0,11300.0,11420.56,42205.283709,1602633599999,482663390.7240358,618262,19346.158605,221257357.56527472,0
2020-10-14 08:00:00,11420.57,11547.98,11280.0,11417.89,41415.106015,1602719999999,472007015.7209343,590025,19070.057307,217375960.31094742,0
2020-10-15 08:00:00,11417.89,11617.34,11250.83,11505.12,48760.717679,1602806399999,556436445.5576282,662386,24019.237669,274171016.90668136,0
2020-10-16 08:00:00,11505.13,11541.15,11200.0,11319.32,48797.749502,1602892799999,553211001.6122569,693210,22821.593484,258752919.33224073,0
2020-10-17 08:00:00,11319.24,11402.42,11255.0,11360.2,22368.915241,1602979199999,253582775.96265447,365973,10318.024614,116996094.14462668,0
2020-10-18 08:00:00,11360.31,11505.0,11346.22,11503.14,23284.041191,1603065599999,266150824.34809864,346946,12396.127099,141743879.128419,0
2020-10-19 08:00:00,11503.14,11823.99,11407.96,11751.47,47414.534692,1603151999999,550728683.7992793,650960,24716.395136,287236347.5490607,0
2020-10-20 08:00:00,11751.46,12038.38,11677.59,11909.99,62134.750663,1603238399999,737425592.0819718,906111,31911.708832,378905888.9600628,0
2020-10-21 08:00:00,11910.0,13217.68,11886.95,12780.96,114584.456767,1603324799999,1437122186.6339955,1453620,59033.671756,740274649.2807958,0
2020-10-22 08:00:00,12780.75,13185.0,12678.08,12968.52,70038.824144,1603411199999,905778888.8702906,1035811,33259.495044,430203750.0189252,0
2020-10-23 08:00:00,12968.84,13027.69,12720.08,12923.07,50386.999841,1603497599999,650680239.1101469,699313,24685.925495,318827712.19820076,0
2020-10-24 08:00:00,12923.06,13166.73,12870.0,13111.73,35952.20907,1603583999999,468299521.7696653,536821,18382.744579,239455378.09125662,0
2020-10-25 08:00:00,13111.73,13350.0,12888.0,13028.83,38481.579504,1603670399999,502672049.22905165,610498,17988.7671,235115943.82713217,0
2020-10-26 08:00:00,13029.64,13238.81,12765.0,13052.19,60951.672986,1603756799999,794395722.4533455,818144,29609.994698,385986654.6578821,0
2020-10-27 08:00:00,13052.15,13789.29,13019.87,13636.17,80811.01945,1603843199999,1085403903.1259663,1003615,39833.890541,534896062.83588016,0
2020-10-28 08:00:00,13636.16,13859.48,12888.0,13266.4,94440.561226,1603929599999,1263487952.995157,1234511,43387.692275,580505216.8726094,0
2020-10-29 08:00:00,13266.4,13642.91,12920.77,13455.7,74872.602132,1604015999999,997867948.8609743,1008433,37203.245658,495772429.354768,0
2020-10-30 08:00:00,13455.69,13669.98,13115.0,13560.1,70657.778881,1604102399999,946818817.5575092,1060387,34438.58889,461667557.39357114,0
2020-10-31 08:00:00,13560.1,14100.0,13411.5,13791.0,67339.238515,1604188799999,927048458.5423619,1022202,35823.22565,493309455.8389813,0
2020-11-01 08:00:00,13791.0,13895.0,13603.0,13761.5,36285.648526,1604275199999,499124369.07532644,606248,17839.54476,245432626.6153179,0
2020-11-02 08:00:00,13761.49,13830.0,13195.05,13549.37,64566.421908,1604361599999,873629993.8313928,869850,29243.233664,395698601.61694086,0
2020-11-03 08:00:00,13549.63,14066.11,13284.99,14023.53,74115.630787,1604447999999,1009402087.7104615,1052569,38332.71333,522431362.8878826,0
2020-11-04 08:00:00,14023.53,14259.0,13525.0,14144.01,93016.988262,1604534399999,1293872665.4179618,1212959,45333.661596,630831907.0732926,0
2020-11-05 08:00:00,14144.01,15750.0,14093.56,15590.02,143741.522673,1604620799999,2131865609.2908912,1736055,72196.127118,1071067716.594869,0
2020-11-06 08:00:00,15590.02,15960.0,15166.0,15579.92,122618.197695,1604707199999,1909660728.8229203,1654968,58528.760533,911733812.2792956,0
2020-11-07 08:00:00,15579.93,15753.52,14344.22,14818.3,101431.206553,1604793599999,1536510177.0914738,1557021,46204.870621,700220031.3003472,0
2020-11-08 08:00:00,14818.3,15650.0,14703.88,15475.1,65547.178574,1604879999999,998031373.8397803,998773,31175.660892,474978556.38937914,0
2020-11-09 08:00:00,15475.1,15840.0,14805.54,15328.41,108976.334134,1604966399999,1670447935.514179,1505441,51350.446641,787324390.7670984,0
2020-11-10 08:00:00,15328.41,15460.0,15072.46,15297.21,61681.919606,1605052799999,943615126.0891505,1093466,28945.766567,442891690.0126002,0
2020-11-11 08:00:00,15297.21,15965.0,15272.68,15684.24,78469.746458,1605139199999,1226425496.3618553,1247167,40030.002173,625865373.3783411,0
2020-11-12 08:00:00,15684.25,16340.7,15440.64,16291.86,102196.356592,1605225599999,1628755508.6741984,1472049,50444.978874,804204066.4386283,0
2020-11-13 08:00:00,16291.85,16480.0,15952.35,16320.7,75691.881014,1605311999999,1230358611.1248891,1208773,35301.73094,574048021.7365239,0
2020-11-14 08:00:00,16320.04,16326.99,15670.0,16070.45,59116.347179,1605398399999,944765868.609419,931424,27724.767801,443001467.22337943,0
2020-11-15 08:00:00,16069.56,16180.0,15774.72,15957.0,43596.841513,1605484799999,696651729.7452534,854441,20853.270846,333239080.6418138,0
2020-11-16 08:00:00,15957.0,16880.0,15864.0,16713.57,81300.675924,1605571199999,1335728013.9057605,1202386,41370.213659,679593360.6495738,0
2020-11-17 08:00:00,16713.08,17858.82,16538.0,17659.38,115221.403102,1605657599999,1982752071.450512,1646652,58262.062597,1003081009.6160429,0
2020-11-18 08:00:00,17659.38,18476.93,17214.45,17776.12,149019.788134,1605743999999,2663337935.5002985,2091832,73412.736278,1312369471.6524818,0
2020-11-19 08:00:00,17777.75,18179.8,17335.65,17802.82,93009.561008,1605830399999,1656794228.8537636,1513304,45376.577851,808306886.9741908,0
2020-11-20 08:00:00,17802.81,18815.22,17740.04,18655.67,88423.018489,1605916799999,1623135138.5910714,1444692,43549.51207,799574963.8058716,0
2020-11-21 08:00:00,18655.66,18965.9,18308.58,18703.8,75577.458394,1606003199999,1413641591.284171,1451352,36788.094693,688352207.1131533,0
2020-11-22 08:00:00,18703.8,18750.0,17610.86,18414.43,81645.737778,1606089599999,1497662550.0540428,1528524,39164.42638,718709271.1371768,0
2020-11-23 08:00:00,18413.88,18766.0,18000.0,18368.0,82961.506093,1606175999999,1529064319.6694436,1629379,39611.360617,730350629.7170513,0
2020-11-24 08:00:00,18368.01,19418.97,18018.0,19160.01,113581.509241,1606262399999,2145301450.4579413,2179862,58179.200882,1098976481.125705,0
2020-11-25 08:00:00,19160.0,19484.21,18500.27,18719.11,93266.576887,1606348799999,1774870796.2882328,1785408,44575.076758,848724583.3300526,0
2020-11-26 08:00:00,18718.83,18915.03,16188.0,17149.47,181005.246693,1606435199999,3127314143.1045747,2770483,84478.809131,1459155975.9531503,0
2020-11-27 08:00:00,17149.47,17457.62,16438.08,17139.52,85297.024787,1606521599999,1446670351.435088,1572299,42507.358433,720985570.3407377,0
2020-11-28 08:00:00,17139.53,17880.49,16865.56,17719.85,64910.69997,1606607999999,1128061605.1072252,1209385,31785.706898,552044705.3606101,0
2020-11-29 08:00:00,17719.84,18360.05,17517.0,18184.99,55329.016303,1606694399999,996743798.8649217,1141289,27883.985296,502287686.119384,0
2020-11-30 08:00:00,18185.0,19863.16,18184.99,19695.87,115463.466888,1606780799999,2205929119.5053363,1744149,61033.414903,1166943549.1842446,0
2020-12-01 08:00:00,19695.87,19888.0,18001.12,18764.96,127698.762652,1606867199999,2446070334.828799,2023802,63805.392898,1223282816.3192167,0
2020-12-02 08:00:00,18764.96,19342.0,18330.0,19204.09,75911.013478,1606953599999,1436895344.8259494,1566635,36421.690398,689901298.5700688,0
2020-12-03 08:00:00,19204.08,19598.0,18867.2,19421.9,66689.391279,1607039999999,1286548310.8267057,1242229,33868.341698,653783366.9045953,0
2020-12-04 08:00:00,19422.34,19527.0,18565.31,18650.52,71283.6682,1607126399999,1358079975.0254982,1286657,32363.453715,616745259.3145112,0
2020-12-05 08:00:00,18650.51,19177.0,18500.0,19147.66,42922.748573,1607212799999,813445434.1308142,932124,21360.260281,405002656.0699713,0
2020-12-06 08:00:00,19147.66,19420.0,18857.0,19359.4,37043.091861,1607299199999,709558933.5829058,820382,19009.407663,364303500.9570982,0
2020-12-07 08:00:00,19358.67,19420.91,18902.88,19166.9,41372.296293,1607385599999,793517668.683946,840954,18881.806014,362249650.0534163,0
2020-12-08 08:00:00,19166.9,19294.84,18200.0,18324.11,61626.947614,1607471999999,1160658077.404659,1143181,27811.37851,524064471.55038375,0
2020-12-09 08:00:00,18324.11,18639.57,17650.0,18541.28,79585.553801,1607558399999,1450130664.0645843,1302476,36809.009287,671042442.4745308,0
2020-12-10 08:00:00,18541.29,18557.32,17911.12,18254.63,52890.675094,1607644799999,966149529.0006071,891151,25604.608069,467840780.52674687,0
2020-12-11 08:00:00,18254.81,18292.73,17572.33,18036.53,72610.724259,1607731199999,1301081647.3079002,1117810,34194.988471,612882050.9167273,0
2020-12-12 08:00:00,18036.53,18948.66,18020.7,18808.69,49519.978432,1607817599999,915552835.9061834,891810,26056.332648,481756117.71600103,0
2020-12-13 08:00:00,18808.69,19411.0,18711.12,19174.99,56560.821744,1607903999999,1083520569.0948539,938022,29593.4651,566907850.6233119,0
2020-12-14 08:00:00,19174.99,19349.0,19000.0,19273.14,47257.201294,1607990399999,906101687.739595,842382,22657.463401,434506325.32761055,0
2020-12-15 08:00:00,19273.69,19570.0,19050.0,19426.43,61834.366011,1608076799999,1196361527.9258018,1046423,31194.160849,603826364.4139218,0
2020-12-16 08:00:00,19426.43,21560.0,19278.6,21335.52,114306.33557,1608163199999,2325135958.6418414,1659135,61245.262375,1245917122.172021,0
2020-12-17 08:00:00,21335.52,23800.0,21230.0,22797.16,184882.476748,1608249599999,4196645567.425877,2795084,92409.405079,2097021808.629566,0
2020-12-18 08:00:00,22797.15,23285.18,22350.0,23107.39,79646.134315,1608335999999,1820875361.2945976,1613775,38359.302158,877296889.5114686,0
2020-12-19 08:00:00,23107.39,24171.47,22750.0,23821.61,86045.064677,1608422399999,2018969878.8868675,1678611,42709.111498,1002105538.8592925,0
2020-12-20 08:00:00,23821.6,24295.0,23060.0,23455.52,76690.145685,1608508799999,1810862074.730308,1743225,37124.115358,877166936.6057343,0
2020-12-21 08:00:00,23455.54,24102.77,21815.0,22719.71,88030.297243,1608595199999,2035446293.928971,1593949,41983.046103,971417184.6896445,0
2020-12-22 08:00:00,22719.88,23837.1,22353.4,23810.79,87033.12616,1608681599999,2010758620.243527,1496277,42681.326708,986428672.7376071,0
2020-12-23 08:00:00,23810.79,24100.0,22600.0,23232.76,119047.259733,1608767999999,2797688007.0718794,2194611,56660.201961,1332358610.2684052,0
2020-12-24 08:00:00,23232.39,23794.43,22703.42,23729.2,69013.834252,1608854399999,1602394244.0767715,1421257,35789.111319,831484211.6986719,0
2020-12-25 08:00:00,23728.99,24789.86,23433.6,24712.47,79519.943569,1608940799999,1919766316.6677368,1504426,41219.088164,995215944.5725682,0
2020-12-26 08:00:00,24712.47,26867.03,24500.0,26493.39,97806.513386,1609027199999,2496533065.1755805,1735574,49839.034072,1272279529.8870606,0
2020-12-27 08:00:00,26493.4,28422.0,25700.0,26281.66,148455.586214,1609113599999,4028928683.882025,2438493,72649.340484,1972635486.1835065,0
2020-12-28 08:00:00,26281.54,27500.0,26101.0,27079.41,79721.742496,1609199999999,2151806808.5743527,1508204,37895.345621,1023061029.3655897,0
2020-12-29 08:00:00,27079.42,27410.0,25880.0,27385.0,69411.592606,1609286399999,1851617219.7682345,1605166,34276.922601,914954320.8347605,0
2020-12-30 08:00:00,27385.0,28996.0,27320.0,28875.54,95356.057826,1609372799999,2683953237.460271,1916095,48057.906366,1352877359.6514735,0
2020-12-31 08:00:00,28875.55,29300.0,27850.0,28923.63,75508.505152,1609459199999,2173600125.420074,1552793,36431.62208,1049389143.5562063,0